"agency","survey_char","collection_date","depth_bottom","fish_id","StationCode","SampleDate","MethodCode","LatitudeStart","LatitudeEnd","LongitudeStart","LongitudeEnd","Secchi","WaterTemp","SpecificConductance","TurbidityNTU","DO","CommonName","ForkLength","SpecialStudy","FishComments","Count"
"usfws","edsm",2017-08-10,NA,"E1","18-02-CS01",2017-08-10,"KDTR",38.33263,38.33302,-121.64747,-121.64732,0.5,22.8999996185303,246,21.2000007629395,7.68,"Delta Smelt",45,"DOP",NA,1
"usfws","edsm",2017-09-18,NA,"E10","18-08-LSR01",2017-09-18,"KDTR",38.06795,38.06716,-121.85263,-121.85567,0.579999983310699,20.8999996185303,159.100006103516,16.2000007629395,10.08,"Delta Smelt",56,"DOP",NA,1
"usfws","edsm",2017-09-18,NA,"E11","18-08-LSR01",2017-09-18,"KDTR",38.06795,38.06716,-121.85263,-121.85567,0.579999983310699,20.8999996185303,159.100006103516,16.2000007629395,10.08,"Delta Smelt",49,"DOP",NA,1
"usfws","edsm",2017-09-18,NA,"E12","18-08-LSR01",2017-09-18,"KDTR",38.06774,38.06714,-121.85245,-121.85539,0.560000002384186,20.8999996185303,182.199996948242,19.7999992370605,10.14,"Delta Smelt",55,"DOP",NA,1
"usfws","edsm",2017-09-18,NA,"E13","18-08-LSR01",2017-09-18,"KDTR",38.06774,38.06714,-121.85245,-121.85539,0.560000002384186,20.8999996185303,182.199996948242,19.7999992370605,10.14,"Delta Smelt",56,"DOP",NA,1
"usfws","edsm",2017-09-18,NA,"E14","18-08-LSR01",2017-09-18,"KDTR",38.06774,38.06714,-121.85245,-121.85539,0.560000002384186,20.8999996185303,182.199996948242,19.7999992370605,10.14,"Delta Smelt",54,"DOP",NA,1
"usfws","edsm",2017-09-18,NA,"E15","18-08-LSR01",2017-09-18,"KDTR",38.06774,38.06714,-121.85245,-121.85539,0.560000002384186,20.8999996185303,182.199996948242,19.7999992370605,10.14,"Delta Smelt",47,"DOP",NA,1
"usfws","edsm",2017-08-10,NA,"E151","18-02-SBM02",2017-08-10,"KDTR",38.06603,38.06591,-122.04357,-122.04493,0.400000005960464,22.3999996185303,8404,47.0999984741211,12.75,"Delta Smelt",60,"DOP",NA,1
"usfws","edsm",2017-08-11,NA,"E152","18-02-SBM04",2017-08-11,"KDTR",38.06836,38.06823,-121.96778,-121.96752,0.469999998807907,22.2000007629395,6152,48.2999992370605,7.5,"Delta Smelt",40,"DOP",NA,1
"usfws","edsm",2017-08-11,NA,"E153","18-02-SBM04",2017-08-11,"KDTR",38.06836,38.06823,-121.96778,-121.96752,0.469999998807907,22.2000007629395,6152,48.2999992370605,7.5,"Delta Smelt",64,"DOP",NA,1
"usfws","edsm",2017-08-16,NA,"E154","18-03-SM02",2017-08-16,"KDTR",38.13345,38.13296,-122.05863,-122.05872,0.319999992847443,19.7999992370605,8679,55.2999992370605,8.34,"Delta Smelt",50,"DOP",NA,1
"usfws","edsm",2017-08-16,NA,"E155","18-03-SM02",2017-08-16,"KDTR",38.13345,38.13296,-122.05863,-122.05872,0.319999992847443,19.7999992370605,8679,55.2999992370605,8.34,"Delta Smelt",45,"DOP",NA,1
"usfws","edsm",2017-08-16,NA,"E156","18-03-SM02",2017-08-16,"KDTR",38.13332,38.13281,-122.05877,-122.05928,0.310000002384186,20.2999992370605,9358,83.5999984741211,8.13,"Delta Smelt",49,"DOP",NA,1
"usfws","edsm",2017-08-16,NA,"E157","18-03-HB01",2017-08-16,"KDTR",38.04787,38.04845,-121.88599,-121.88593,0.639999985694885,21.5,3235,20.2000007629395,8.16,"Delta Smelt",52,"DOP",NA,1
"usfws","edsm",2017-08-22,NA,"E158","18-04-SBM05",2017-08-22,"KDTR",38.08259,38.08237,-122.04039,-122.03993,0.259999990463257,20,10399,63.2999992370605,8.16,"Delta Smelt",45,"DOP",NA,1
"usfws","edsm",2017-08-22,NA,"E159","18-04-SBM05",2017-08-22,"KDTR",38.08259,38.08237,-122.04039,-122.03993,0.259999990463257,20,10399,63.2999992370605,8.16,"Delta Smelt",54,"DOP",NA,1
"usfws","edsm",2017-09-18,NA,"E16","18-08-LSR01",2017-09-18,"KDTR",38.06774,38.06714,-121.85245,-121.85539,0.560000002384186,20.8999996185303,182.199996948242,19.7999992370605,10.14,"Delta Smelt",49,"DOP",NA,1
"usfws","edsm",2017-08-22,NA,"E160","18-04-SBM05",2017-08-22,"KDTR",38.08259,38.08237,-122.04039,-122.03993,0.259999990463257,20,10399,63.2999992370605,8.16,"Delta Smelt",50,"DOP",NA,1
"usfws","edsm",2017-08-22,NA,"E161","18-04-SBM05",2017-08-22,"KDTR",38.08259,38.08237,-122.04039,-122.03993,0.259999990463257,20,10399,63.2999992370605,8.16,"Delta Smelt",58,"DOP",NA,1
"usfws","edsm",2017-08-22,NA,"E162","18-04-SBM05",2017-08-22,"KDTR",38.08249,38.08254,-122.04176,-122.04214,0.25,20.2999992370605,9050,80.8000030517578,8.4,"Delta Smelt",58,"DOP",NA,1
"usfws","edsm",2017-08-22,NA,"E163","18-04-SBM02",2017-08-22,"KDTR",38.11064,38.10858,-122.05485,-122.05493,0.300000011920929,20.5,9066,95.4000015258789,8.05,"Delta Smelt",46,"DOP",NA,1
"usfws","edsm",2017-08-22,NA,"E164","18-04-LSJ03",2017-08-23,"KDTR",38.05,38.0496,-121.84295,-121.84169,0.259999990463257,21.1000003814697,1453,30,10.03,"Delta Smelt",45,"DOP",NA,1
"usfws","edsm",2017-08-22,NA,"E165","18-05-SBM02",2017-08-30,"KDTR",38.06593,38.06609,-122.0193,-122.01675,0.409999996423721,21.8999996185303,3676,24.5,10.4,"Delta Smelt",53,"DOP",NA,1
"usfws","edsm",2017-09-07,NA,"E166","18-06-SBM01",2017-09-07,"KDTR",38.06343,38.06339,-122.00608,-122.00648,0.430000007152557,22.5,7776,37.0999984741211,7.62,"Delta Smelt",49,"DOP",NA,1
"usfws","edsm",2017-09-07,NA,"E167","18-06-SBM02",2017-09-07,"KDTR",38.09897,38.09949,-122.06764,-122.06666,0.28999999165535,22.7999992370605,8813,85.1999969482422,7.33,"Delta Smelt",47,"DOP",NA,1
"usfws","edsm",2017-09-11,NA,"E168","18-07-SBM01",2017-09-11,"KDTR",38.05986,38.05977,-122.04905,-122.0512,0.490000009536743,22.2000007629395,12416,28.1000003814697,7.35,"Delta Smelt",53,"DOP",NA,1
"usfws","edsm",2017-09-11,NA,"E169","18-07-SBM02",2017-09-11,"KDTR",38.0954,38.09576,-122.05762,-122.05719,0.439999997615814,22.2999992370605,11854,27.7999992370605,7.54,"Delta Smelt",47,"DOP",NA,1
"usfws","edsm",2017-09-18,NA,"E17","18-08-LSR01",2017-09-18,"KDTR",38.06774,38.06714,-121.85245,-121.85539,0.560000002384186,20.8999996185303,182.199996948242,19.7999992370605,10.14,"Delta Smelt",47,"DOP",NA,1
"usfws","edsm",2017-09-12,NA,"E170","18-07-HB01",2017-09-12,"KDTR",38.05575,38.05569,-121.95713,-121.95687,0.639999985694885,22.7999992370605,4489,28.7999992370605,7.47,"Delta Smelt",47,"DOP",NA,1
"usfws","edsm",2017-09-12,NA,"E171","18-07-SBM03",2017-09-12,"KDTR",38.07182,38.07194,-122.01657,-122.01763,0.46000000834465,22.2999992370605,9199,36.2999992370605,7.56,"Delta Smelt",51,"DOP",NA,1
"usfws","edsm",2017-09-20,NA,"E172","18-08-SM01",2017-09-20,"KDTR",38.16665,38.16731,-122.04294,-122.0424,0.319999992847443,20.7000007629395,7268,66.5,7.36,"Delta Smelt",58,"DOP",NA,1
"usfws","edsm",2017-09-20,NA,"E173","18-08-SBM01",2017-09-20,"KDTR",38.09716,38.09821,-122.05571,-122.05551,0.319999992847443,20.1000003814697,7555,79.5,8.1,"Delta Smelt",48,"DOP",NA,1
"usfws","edsm",2017-09-27,NA,"E174","18-09-SBM01",2017-09-27,"KDTR",38.07179,38.07194,-121.98429,-121.98444,0.5,19.7000007629395,5271,31.7999992370605,7.77,"Delta Smelt",60,"DOP",NA,1
"usfws","edsm",2017-09-29,NA,"E175","18-09-SBM02",2017-09-29,"KDTR",38.06076,38.06071,-121.99764,-121.9971,0.819999992847443,19.7000007629395,4890,13.1000003814697,9.6,"Delta Smelt",58,"DOP",NA,1
"usfws","edsm",2017-10-10,NA,"E176","18-11-SM01",2017-10-10,"KDTR",38.17229,38.17177,-121.96269,-121.96226,0.28999999165535,17.7999992370605,6903,44.9000015258789,7.46,"Delta Smelt",54,"DOP",NA,1
"usfws","edsm",2017-10-17,NA,"E177","18-12-SM01",2017-10-17,"KDTR",38.17888,38.17918,-122.00564,-122.00519,0.349999994039536,17,8184,56.2999992370605,7.24,"Delta Smelt",45,"DOP",NA,1
"usfws","edsm",2017-10-25,NA,"E178","18-13-HB01",2017-10-25,"KDTR",38.04918,38.04929,-121.90007,-121.9009,0.569999992847443,16.8999996185303,4064,23.1000003814697,10.8,"Delta Smelt",51,"DOP",NA,1
"usfws","edsm",2017-10-30,NA,"E179","18-14-SM01",2017-10-30,"KDTR",38.17471,38.17511,-121.94838,-121.94893,0.449999988079071,17.7999992370605,7524,33.0999984741211,7.45,"Delta Smelt",52,"DOP",NA,1
"usfws","edsm",2017-09-18,NA,"E18","18-08-LSR01",2017-09-18,"KDTR",38.06774,38.06714,-121.85245,-121.85539,0.560000002384186,20.8999996185303,182.199996948242,19.7999992370605,10.14,"Delta Smelt",57,"DOP",NA,1
"usfws","edsm",2017-11-27,NA,"E180","18-18-SM01",2017-11-27,"KDTR",38.18622,38.1863,-121.97034,-121.97102,0.319999992847443,14.3999996185303,8434,38.2999992370605,7.2,"Delta Smelt",56,"DOP",NA,1
"usfws","edsm",2017-11-27,NA,"E181","18-18-SM01",2017-11-27,"KDTR",38.18622,38.1863,-121.97034,-121.97102,NA,NA,NA,NA,NA,"Delta Smelt",69,"DOP",NA,1
"usfws","edsm",2017-11-28,NA,"E182","18-18-SBM02",2017-11-28,"KDTR",38.08188,38.08131,-121.99543,-121.995,0.639999985694885,14,10196,16.8999996185303,9.45,"Delta Smelt",55,"DOP",NA,1
"usfws","edsm",2017-11-28,NA,"E183","18-18-HB01",2017-11-28,"KDTR",38.04472,38.04459,-121.91732,-121.9159,0.529999971389771,14.1999998092651,5364,26,9.27,"Delta Smelt",53,"DOP",NA,1
"usfws","edsm",2017-09-18,NA,"E19","18-08-LSR01",2017-09-18,"KDTR",38.06774,38.06714,-121.85245,-121.85539,0.560000002384186,20.8999996185303,182.199996948242,19.7999992370605,10.14,"Delta Smelt",42,"DOP",NA,1
"usfws","edsm",2017-08-15,NA,"E2","18-03-SSC02",2017-08-15,"KDTR",38.38629,38.38544,-121.62384,-121.62427,0.280000001192093,22.7999992370605,418.799987792969,39.7000007629395,9.12,"Delta Smelt",54,"DOP",NA,1
"usfws","edsm",2017-09-18,NA,"E20","18-08-LSR01",2017-09-18,"KDTR",38.06774,38.06714,-121.85245,-121.85539,0.560000002384186,20.8999996185303,182.199996948242,19.7999992370605,10.14,"Delta Smelt",48,"DOP",NA,1
"usfws","edsm",2017-09-18,NA,"E21","18-08-LSR01",2017-09-18,"KDTR",38.06774,38.06714,-121.85245,-121.85539,0.560000002384186,20.8999996185303,182.199996948242,19.7999992370605,10.14,"Delta Smelt",47,"DOP",NA,1
"usfws","edsm",2017-09-18,NA,"E22","18-08-LSR02",2017-09-18,"KDTR",38.05451,38.05445,-121.86867,-121.86962,0.540000021457672,21.3999996185303,435.899993896484,21.2000007629395,9.76,"Delta Smelt",45,"DOP",NA,1
"usfws","edsm",2017-09-18,NA,"E23","18-08-LSR02",2017-09-18,"KDTR",38.05451,38.05445,-121.86867,-121.86962,0.540000021457672,21.3999996185303,435.899993896484,21.2000007629395,9.76,"Delta Smelt",44,"DOP",NA,1
"usfws","edsm",2017-09-18,NA,"E24","18-08-LSR01",2017-09-18,"KDTR",38.06774,38.06714,-121.85245,-121.85539,0.560000002384186,20.8999996185303,182.199996948242,19.7999992370605,10.14,"Delta Smelt",55,"DOP/L",NA,1
"usfws","edsm",2017-09-29,NA,"E25","18-09-LSR01",2017-09-29,"KDTR",38.05674,38.05564,-121.87676,-121.87718,1.07000005245209,18.8999996185303,157.399993896484,9.68000030517578,8.64,"Delta Smelt",56,"DOP",NA,1
"usfws","edsm",2017-10-04,NA,"E26","18-10-LSR06",2017-10-04,"KDTR",38.06202,38.06144,-121.86855,-121.86944,0.519999980926514,18.3999996185303,886,20.3999996185303,8.03,"Delta Smelt",62,"DOP",NA,1
"usfws","edsm",2017-10-10,NA,"E27","18-11-LSR01",2017-10-10,"KDTR",38.07626,38.07585,-121.77185,-121.77234,0.529999971389771,16.7000007629395,118.300003051758,46.0999984741211,8.65,"Delta Smelt",53,"DOP",NA,1
"usfws","edsm",2017-10-10,NA,"E28","18-11-LSR01",2017-10-10,"KDTR",38.07626,38.07585,-121.77185,-121.77234,0.529999971389771,16.7000007629395,118.300003051758,46.0999984741211,8.65,"Delta Smelt",47,"DOP",NA,1
"usfws","edsm",2017-10-10,NA,"E29","18-11-LSR01",2017-10-10,"KDTR",38.07626,38.07585,-121.77185,-121.77234,0.529999971389771,16.7000007629395,118.300003051758,46.0999984741211,8.65,"Delta Smelt",53,"DOP",NA,1
"usfws","edsm",2017-08-21,NA,"E3","18-04-LSR03",2017-08-21,"KDTR",38.05251,38.05306,-121.86898,-121.86742,0.449999988079071,20.8999996185303,2632,24.6000003814697,7.98,"Delta Smelt",48,"DOP",NA,1
"usfws","edsm",2017-10-10,NA,"E30","18-11-LSR01",2017-10-10,"KDTR",38.07626,38.07585,-121.77185,-121.77234,0.529999971389771,16.7000007629395,118.300003051758,46.0999984741211,8.65,"Delta Smelt",49,"DOP",NA,1
"usfws","edsm",2017-10-10,NA,"E31","18-11-LSR01",2017-10-10,"KDTR",38.07626,38.07585,-121.77185,-121.77234,0.529999971389771,16.7000007629395,118.300003051758,46.0999984741211,8.65,"Delta Smelt",44,"DOP",NA,1
"usfws","edsm",2017-10-10,NA,"E32","18-11-LSR01",2017-10-10,"KDTR",38.07626,38.07585,-121.77185,-121.77234,0.529999971389771,16.7000007629395,118.300003051758,46.0999984741211,8.65,"Delta Smelt",57,"DOP",NA,1
"usfws","edsm",2017-10-10,NA,"E33","18-11-LSR01",2017-10-10,"KDTR",38.07626,38.07585,-121.77185,-121.77234,0.529999971389771,16.7000007629395,118.300003051758,46.0999984741211,8.65,"Delta Smelt",53,"DOP",NA,1
"usfws","edsm",2017-10-10,NA,"E34","18-11-LSR01",2017-10-10,"KDTR",38.07626,38.07585,-121.77185,-121.77234,0.529999971389771,16.7000007629395,118.300003051758,46.0999984741211,8.65,"Delta Smelt",60,"DOP",NA,1
"usfws","edsm",2017-10-10,NA,"E35","18-11-LSR01",2017-10-10,"KDTR",38.07626,38.07585,-121.77185,-121.77234,0.529999971389771,16.7000007629395,118.300003051758,46.0999984741211,8.65,"Delta Smelt",50,"DOP",NA,1
"usfws","edsm",2017-10-10,NA,"E36","18-11-LSR01",2017-10-10,"KDTR",38.07626,38.07585,-121.77185,-121.77234,0.529999971389771,16.7000007629395,118.300003051758,46.0999984741211,8.65,"Delta Smelt",65,"DOP",NA,1
"usfws","edsm",2017-10-10,NA,"E37","18-11-LSR01",2017-10-10,"KDTR",38.07626,38.07585,-121.77185,-121.77234,0.529999971389771,16.7000007629395,118.300003051758,46.0999984741211,8.65,"Delta Smelt",59,"DOP",NA,1
"usfws","edsm",2017-10-10,NA,"E38","18-11-LSR01",2017-10-10,"KDTR",38.07626,38.07585,-121.77185,-121.77234,0.529999971389771,16.7000007629395,118.300003051758,46.0999984741211,8.65,"Delta Smelt",67,"DOP",NA,1
"usfws","edsm",2017-10-10,NA,"E39","18-11-LSR01",2017-10-10,"KDTR",38.07579,38.07556,-121.77238,-121.7729,0.519999980926514,16.7999992370605,137,36.0999984741211,8.8,"Delta Smelt",60,"DOP",NA,1
"usfws","edsm",2017-08-22,NA,"E4","18-04-SSC02",2017-08-22,"KDTR",38.39545,38.39653,-121.61918,-121.61866,0.300000011920929,22.8999996185303,1420,56.2999992370605,9.75,"Delta Smelt",49,"DOP",NA,1
"usfws","edsm",2017-10-10,NA,"E40","18-11-LSR01",2017-10-10,"KDTR",38.07579,38.07556,-121.77238,-121.7729,0.519999980926514,16.7999992370605,137,36.0999984741211,8.8,"Delta Smelt",56,"DOP",NA,1
"usfws","edsm",2017-10-10,NA,"E41","18-11-LSR01",2017-10-10,"KDTR",38.07579,38.07556,-121.77238,-121.7729,0.519999980926514,16.7999992370605,137,36.0999984741211,8.8,"Delta Smelt",53,"DOP",NA,1
"usfws","edsm",2017-10-10,NA,"E42","18-11-LSR01",2017-10-10,"KDTR",38.07579,38.07556,-121.77238,-121.7729,0.519999980926514,16.7999992370605,137,36.0999984741211,8.8,"Delta Smelt",52,"DOP",NA,1
"usfws","edsm",2017-10-10,NA,"E43","18-11-LSR01",2017-10-10,"KDTR",38.07579,38.07556,-121.77238,-121.7729,0.519999980926514,16.7999992370605,137,36.0999984741211,8.8,"Delta Smelt",60,"DOP",NA,1
"usfws","edsm",2017-10-10,NA,"E44","18-11-LSR01",2017-10-10,"KDTR",38.07579,38.07556,-121.77238,-121.7729,0.519999980926514,16.7999992370605,137,36.0999984741211,8.8,"Delta Smelt",63,"DOP",NA,1
"usfws","edsm",2017-10-10,NA,"E45","18-11-LSR01",2017-10-10,"KDTR",38.07579,38.07556,-121.77238,-121.7729,0.519999980926514,16.7999992370605,137,36.0999984741211,8.8,"Delta Smelt",59,"DOP",NA,1
"usfws","edsm",2017-10-10,NA,"E46","18-11-LSR01",2017-10-10,"KDTR",38.07579,38.07556,-121.77238,-121.7729,0.519999980926514,16.7999992370605,137,36.0999984741211,8.8,"Delta Smelt",58,"DOP",NA,1
"usfws","edsm",2017-10-10,NA,"E47","18-11-LSR01",2017-10-10,"KDTR",38.07579,38.07556,-121.77238,-121.7729,0.519999980926514,16.7999992370605,137,36.0999984741211,8.8,"Delta Smelt",51,"DOP",NA,1
"usfws","edsm",2017-10-10,NA,"E48","18-11-LSR01",2017-10-10,"KDTR",38.07579,38.07556,-121.77238,-121.7729,0.519999980926514,16.7999992370605,137,36.0999984741211,8.8,"Delta Smelt",55,"DOP",NA,1
"usfws","edsm",2017-10-10,NA,"E49","18-11-LSR01",2017-10-10,"KDTR",38.07579,38.07556,-121.77238,-121.7729,0.519999980926514,16.7999992370605,137,36.0999984741211,8.8,"Delta Smelt",59,"DOP",NA,1
"usfws","edsm",2017-08-28,NA,"E5","18-05-LSR02",2017-08-28,"KDTR",38.06747,38.06775,-121.8454,-121.84589,0.529999971389771,21.8999996185303,902,23.5,7.66,"Delta Smelt",51,"DOP",NA,1
"usfws","edsm",2017-10-10,NA,"E50","18-11-LSR01",2017-10-10,"KDTR",38.07579,38.07556,-121.77238,-121.7729,0.519999980926514,16.7999992370605,137,36.0999984741211,8.8,"Delta Smelt",51,"DOP",NA,1
"usfws","edsm",2017-10-10,NA,"E51","18-11-LSR01",2017-10-10,"KDTR",38.07579,38.07556,-121.77238,-121.7729,0.519999980926514,16.7999992370605,137,36.0999984741211,8.8,"Delta Smelt",59,"DOP",NA,1
"usfws","edsm",2017-10-10,NA,"E52","18-11-LSR01",2017-10-10,"KDTR",38.07579,38.07556,-121.77238,-121.7729,0.519999980926514,16.7999992370605,137,36.0999984741211,8.8,"Delta Smelt",63,"DOP",NA,1
"usfws","edsm",2017-10-10,NA,"E53","18-11-LSR01",2017-10-10,"KDTR",38.07579,38.07556,-121.77238,-121.7729,0.519999980926514,16.7999992370605,137,36.0999984741211,8.8,"Delta Smelt",60,"DOP",NA,1
"usfws","edsm",2017-10-10,NA,"E54","18-11-LSR01",2017-10-10,"KDTR",38.07579,38.07556,-121.77238,-121.7729,0.519999980926514,16.7999992370605,137,36.0999984741211,8.8,"Delta Smelt",47,"DOP",NA,1
"usfws","edsm",2017-10-10,NA,"E55","18-11-LSR01",2017-10-10,"KDTR",38.07579,38.07556,-121.77238,-121.7729,0.519999980926514,16.7999992370605,137,36.0999984741211,8.8,"Delta Smelt",62,"DOP",NA,1
"usfws","edsm",2017-10-10,NA,"E56","18-11-LSR01",2017-10-10,"KDTR",38.07579,38.07556,-121.77238,-121.7729,0.519999980926514,16.7999992370605,137,36.0999984741211,8.8,"Delta Smelt",54,"DOP",NA,1
"usfws","edsm",2017-10-10,NA,"E57","18-11-LSR01",2017-10-10,"KDTR",38.07579,38.07556,-121.77238,-121.7729,0.519999980926514,16.7999992370605,137,36.0999984741211,8.8,"Delta Smelt",64,"DOP",NA,1
"usfws","edsm",2017-10-10,NA,"E58","18-11-LSR01",2017-10-10,"KDTR",38.07579,38.07556,-121.77238,-121.7729,0.519999980926514,16.7999992370605,137,36.0999984741211,8.8,"Delta Smelt",57,"DOP",NA,1
"usfws","edsm",2017-10-10,NA,"E59","18-11-LSR02",2017-10-10,"KDTR",38.06747,38.06705,-121.83326,-121.83119,NA,NA,NA,NA,NA,"Delta Smelt",61,"DOP",NA,1
"usfws","edsm",2017-08-28,NA,"E6","18-05-LSR02",2017-08-28,"KDTR",38.06747,38.06775,-121.8454,-121.84589,0.529999971389771,21.8999996185303,902,23.5,7.66,"Delta Smelt",65,"DOP",NA,1
"usfws","edsm",2017-10-10,NA,"E60","18-11-LSR02",2017-10-10,"KDTR",38.06625,38.06557,-121.82619,-121.8251,0.479999989271164,17.5,860,24,8.38,"Delta Smelt",51,"DOP",NA,1
"usfws","edsm",2017-10-23,NA,"E61","18-13-LSR01",2017-10-23,"KDTR",38.06918,38.06828,-121.84377,-121.84202,0.419999986886978,16.2000007629395,868,23.7000007629395,8.61,"Delta Smelt",55,"DOP",NA,1
"usfws","edsm",2017-11-08,NA,"E62","18-15-LSR02",2017-11-08,"KDTR",38.06153,38.06211,-121.79124,-121.79039,0.689999997615814,15.6000003814697,1664,17.6000003814697,8.12,"Delta Smelt",45,"DOP",NA,1
"usfws","edsm",2017-11-20,NA,"E63","18-17-LSR01",2017-11-20,"KDTR",38.07084,38.07051,-121.8329,-121.83281,0.639999985694885,14.5,1433,39,8.72,"Delta Smelt",51,"DOP",NA,1
"usfws","edsm",2017-09-08,NA,"E7","18-06-LSR01",2017-09-08,"KDTR",38.0536,38.05264,-121.87649,-121.87714,0.569999992847443,22.2999992370605,1976,19.1000003814697,7.71,"Delta Smelt",55,"DOP",NA,1
"usfws","edsm",2017-09-18,NA,"E8","18-08-LSR01",2017-09-18,"KDTR",38.06795,38.06716,-121.85263,-121.85567,0.579999983310699,20.8999996185303,159.100006103516,16.2000007629395,10.08,"Delta Smelt",48,"DOP",NA,1
"usfws","edsm",2017-09-18,NA,"E9","18-08-LSR01",2017-09-18,"KDTR",38.06795,38.06716,-121.85263,-121.85567,0.579999983310699,20.8999996185303,159.100006103516,16.2000007629395,10.08,"Delta Smelt",48,"DOP",NA,1
"usfws","edsm",2018-09-10,NA,"E100",NA,NA,NA,NA,NA,NA,NA,NA,NA,NA,NA,NA,NA,NA,NA,NA,NA
"usfws","edsm",2018-09-10,NA,"E101",NA,NA,NA,NA,NA,NA,NA,NA,NA,NA,NA,NA,NA,NA,NA,NA,NA
"usfws","edsm",2018-09-10,NA,"E102",NA,NA,NA,NA,NA,NA,NA,NA,NA,NA,NA,NA,NA,NA,NA,NA,NA
"usfws","edsm",2018-09-10,NA,"E103",NA,NA,NA,NA,NA,NA,NA,NA,NA,NA,NA,NA,NA,NA,NA,NA,NA
"usfws","edsm",2018-09-10,NA,"E104",NA,NA,NA,NA,NA,NA,NA,NA,NA,NA,NA,NA,NA,NA,NA,NA,NA
"usfws","edsm",2018-09-10,NA,"E105",NA,NA,NA,NA,NA,NA,NA,NA,NA,NA,NA,NA,NA,NA,NA,NA,NA
"usfws","edsm",2018-09-10,NA,"E106",NA,NA,NA,NA,NA,NA,NA,NA,NA,NA,NA,NA,NA,NA,NA,NA,NA
"usfws","edsm",2018-09-10,NA,"E107",NA,NA,NA,NA,NA,NA,NA,NA,NA,NA,NA,NA,NA,NA,NA,NA,NA
"usfws","edsm",2018-09-10,NA,"E108",NA,NA,NA,NA,NA,NA,NA,NA,NA,NA,NA,NA,NA,NA,NA,NA,NA
"usfws","edsm",2018-09-10,NA,"E109",NA,NA,NA,NA,NA,NA,NA,NA,NA,NA,NA,NA,NA,NA,NA,NA,NA
"usfws","edsm",2018-09-10,NA,"E110",NA,NA,NA,NA,NA,NA,NA,NA,NA,NA,NA,NA,NA,NA,NA,NA,NA
"usfws","edsm",2018-09-10,NA,"E111",NA,NA,NA,NA,NA,NA,NA,NA,NA,NA,NA,NA,NA,NA,NA,NA,NA
"usfws","edsm",2018-09-10,NA,"E112",NA,NA,NA,NA,NA,NA,NA,NA,NA,NA,NA,NA,NA,NA,NA,NA,NA
"usfws","edsm",2018-09-10,NA,"E113",NA,NA,NA,NA,NA,NA,NA,NA,NA,NA,NA,NA,NA,NA,NA,NA,NA
"usfws","edsm",2018-09-10,NA,"E114",NA,NA,NA,NA,NA,NA,NA,NA,NA,NA,NA,NA,NA,NA,NA,NA,NA
"usfws","edsm",2018-09-10,NA,"E115","19-07-LSSC02",2018-09-10,"KDTR",38.35704,38.35815,-121.63769,-121.63717,0.330000013113022,21.5,406.200012207031,32.0999984741211,7.77,"Delta Smelt",39,"DOP",NA,1
"usfws","edsm",2018-09-10,NA,"E116","19-07-LSSC02",2018-09-10,"KDTR",38.35704,38.35815,-121.63769,-121.63717,0.330000013113022,21.5,406.200012207031,32.0999984741211,7.77,"Delta Smelt",51,"DOP",NA,1
"usfws","edsm",2018-09-10,NA,"E117","19-07-LSSC02",2018-09-10,"KDTR",38.35704,38.35815,-121.63769,-121.63717,0.330000013113022,21.5,406.200012207031,32.0999984741211,7.77,"Delta Smelt",46,"DOP",NA,1
"usfws","edsm",2018-09-11,NA,"E118",NA,NA,NA,NA,NA,NA,NA,NA,NA,NA,NA,NA,NA,NA,NA,NA,NA
"usfws","edsm",2018-09-11,NA,"E119",NA,NA,NA,NA,NA,NA,NA,NA,NA,NA,NA,NA,NA,NA,NA,NA,NA
"usfws","edsm",2018-09-11,NA,"E120",NA,NA,NA,NA,NA,NA,NA,NA,NA,NA,NA,NA,NA,NA,NA,NA,NA
"usfws","edsm",2018-09-11,NA,"E121",NA,NA,NA,NA,NA,NA,NA,NA,NA,NA,NA,NA,NA,NA,NA,NA,NA
"usfws","edsm",2018-09-20,NA,"E122",NA,NA,NA,NA,NA,NA,NA,NA,NA,NA,NA,NA,NA,NA,NA,NA,NA
"usfws","edsm",2018-09-20,NA,"E123",NA,NA,NA,NA,NA,NA,NA,NA,NA,NA,NA,NA,NA,NA,NA,NA,NA
"usfws","edsm",2018-09-26,NA,"E124","19-09-LSSC05",2018-09-26,"KDTR",38.36571,38.36666,-121.63369,-121.63339,0.319999992847443,20.7000007629395,388.299987792969,40.5,7.94,"Delta Smelt",52,"DOP",NA,1
"usfws","edsm",2018-09-26,NA,"E125","19-09-LSSC05",2018-09-26,"KDTR",38.36571,38.36666,-121.63369,-121.63339,0.319999992847443,20.7000007629395,388.299987792969,40.5,7.94,"Delta Smelt",50,"DOP",NA,1
"usfws","edsm",2018-09-26,NA,"E126","19-09-LSSC05",2018-09-26,"KDTR",38.36571,38.36666,-121.63369,-121.63339,0.319999992847443,20.7000007629395,388.299987792969,40.5,7.94,"Delta Smelt",48,"DOP",NA,1
"usfws","edsm",2018-09-26,NA,"E127","19-09-LSSC05",2018-09-26,"KDTR",38.36571,38.36666,-121.63369,-121.63339,0.319999992847443,20.7000007629395,388.299987792969,40.5,7.94,"Delta Smelt",44,"DOP",NA,1
"usfws","edsm",2018-09-26,NA,"E128","19-09-LSSC05",2018-09-26,"KDTR",38.36571,38.36666,-121.63369,-121.63339,0.319999992847443,20.7000007629395,388.299987792969,40.5,7.94,"Delta Smelt",50,"DOP",NA,1
"usfws","edsm",2018-09-27,NA,"E129","19-09-LSSC02",2018-09-27,"KDTR",38.39446,38.39548,-121.62037,-121.62015,0.389999985694885,20.7999992370605,431.299987792969,33.4000015258789,8.53,"Delta Smelt",50,"DOP",NA,1
"usfws","edsm",2018-09-27,NA,"E130","19-09-LSSC02",2018-09-27,"KDTR",38.39446,38.39548,-121.62037,-121.62015,0.389999985694885,20.7999992370605,431.299987792969,33.4000015258789,8.53,"Delta Smelt",56,"DOP",NA,1
"usfws","edsm",2018-09-27,NA,"E131","19-09-LSSC02",2018-09-27,"KDTR",38.39446,38.39548,-121.62037,-121.62015,0.389999985694885,20.7999992370605,431.299987792969,33.4000015258789,8.53,"Delta Smelt",48,"DOP",NA,1
"usfws","edsm",2018-09-27,NA,"E132","19-09-LSSC02",2018-09-27,"KDTR",38.39446,38.39548,-121.62037,-121.62015,0.389999985694885,20.7999992370605,431.299987792969,33.4000015258789,8.53,"Delta Smelt",44,"DOP",NA,1
"usfws","edsm",2018-09-27,NA,"E133","19-09-LSSC02",2018-09-27,"KDTR",38.39446,38.39548,-121.62037,-121.62015,0.389999985694885,20.7999992370605,431.299987792969,33.4000015258789,8.53,"Delta Smelt",41,"DOP",NA,1
"usfws","edsm",2018-09-27,NA,"E134","19-09-LSSC02",2018-09-27,"KDTR",38.39446,38.39548,-121.62037,-121.62015,0.389999985694885,20.7999992370605,431.299987792969,33.4000015258789,8.53,"Delta Smelt",51,"DOP",NA,1
"usfws","edsm",2018-09-27,NA,"E135","19-09-LSSC02",2018-09-27,"KDTR",38.39446,38.39548,-121.62037,-121.62015,0.389999985694885,20.7999992370605,431.299987792969,33.4000015258789,8.53,"Delta Smelt",50,"DOP",NA,1
"usfws","edsm",2018-10-04,NA,"E136","19-10-LSSC01",2018-10-04,"KDTR",38.39103,38.39296,-121.62215,-121.62129,0.379999995231628,20.6000003814697,509,21.8999996185303,7.71,"Delta Smelt",47,"DOP",NA,1
"usfws","edsm",2018-10-04,NA,"E137","19-10-LSSC01",2018-10-04,"KDTR",38.39103,38.39296,-121.62215,-121.62129,0.379999995231628,20.6000003814697,509,21.8999996185303,7.71,"Delta Smelt",49,"DOP",NA,1
"usfws","edsm",2018-10-04,NA,"E138","19-10-LSSC01",2018-10-04,"KDTR",38.39103,38.39296,-121.62215,-121.62129,0.379999995231628,20.6000003814697,509,21.8999996185303,7.71,"Delta Smelt",53,"DOP",NA,1
"usfws","edsm",2018-10-04,NA,"E139","19-10-LSSC01",2018-10-04,"KDTR",38.39103,38.39296,-121.62215,-121.62129,0.379999995231628,20.6000003814697,509,21.8999996185303,7.71,"Delta Smelt",54,"DOP",NA,1
"usfws","edsm",2018-10-09,NA,"E140","19-11-LSSC06",2018-10-09,"KDTR",38.42856,38.42947,-121.60428,-121.60366,0.189999997615814,19.3999996185303,560,65.1999969482422,7.79,"Delta Smelt",52,"DOP",NA,1
"usfws","edsm",2018-10-09,NA,"E141","19-11-LSSC03",2018-10-09,"KDTR",38.40889,38.41002,-121.61349,-121.61263,0.189999997615814,19.3999996185303,531,78.1999969482422,8.1,"Delta Smelt",55,"DOP",NA,1
"usfws","edsm",2018-10-09,NA,"E142","19-11-LSSC03",2018-10-09,"KDTR",38.41033,38.41168,-121.6127,-121.61189,0.189999997615814,19.3999996185303,543,71,7.61,"Delta Smelt",53,"DOP",NA,1
"usfws","edsm",2018-10-17,NA,"E143","19-12-LSSC03",2018-10-17,"KDTR",38.45602,38.45418,-121.59135,-121.5924,0.370000004768372,18.2999992370605,538,36.2000007629395,8.86,"Delta Smelt",52,"DOP",NA,1
"usfws","edsm",2018-10-17,NA,"E144","19-12-LSSC04",2018-10-17,"KDTR",38.38681,38.38503,-121.62414,-121.62487,0.340000003576279,18.5,347.899993896484,42.4000015258789,8.72,"Delta Smelt",53,"DOP",NA,1
"usfws","edsm",2018-10-17,NA,"E145","19-12-LSSC04",2018-10-17,"KDTR",38.38681,38.38503,-121.62414,-121.62487,0.340000003576279,18.5,347.899993896484,42.4000015258789,8.72,"Delta Smelt",55,"DOP",NA,1
"usfws","edsm",2018-10-17,NA,"E146","19-12-LSSC04",2018-10-17,"KDTR",38.38681,38.38503,-121.62414,-121.62487,0.340000003576279,18.5,347.899993896484,42.4000015258789,8.72,"Delta Smelt",50,"DOP",NA,1
"usfws","edsm",2018-10-17,NA,"E147","19-12-LSSC04",2018-10-17,"KDTR",38.38681,38.38503,-121.62414,-121.62487,0.340000003576279,18.5,347.899993896484,42.4000015258789,8.72,"Delta Smelt",56,"DOP",NA,1
"usfws","edsm",2018-10-17,NA,"E148","19-12-LSSC04",2018-10-17,"KDTR",38.38681,38.38503,-121.62414,-121.62487,0.340000003576279,18.5,347.899993896484,42.4000015258789,8.72,"Delta Smelt",48,"DOP",NA,1
"usfws","edsm",2018-10-17,NA,"E149","19-12-LSSC04",2018-10-17,"KDTR",38.38681,38.38503,-121.62414,-121.62487,0.340000003576279,18.5,347.899993896484,42.4000015258789,8.72,"Delta Smelt",48,"DOP",NA,1
"usfws","edsm",2018-11-07,NA,"E191","19-15-SM01",2018-11-07,"KDTR",38.17657,38.17676,-122.01153,-122.01077,0.400000005960464,16.8999996185303,8411,30.1000003814697,7.58,"Delta Smelt",61,"DOP",NA,1
"usfws","edsm",2018-11-08,NA,"E192","19-15-SM04",2018-11-08,"KDTR",38.19297,38.19188,-122.03911,-122.03764,0.330000013113022,16.2999992370605,10741,52.0999984741211,5.06,"Delta Smelt",61,"DOP",NA,1
"usfws","edsm",2018-11-26,NA,"E193","19-18-SM02",2018-11-26,"KDTR",38.2088,38.21218,-122.03384,-122.03495,0.25,12.6000003814697,10239,51.7999992370605,4.81,"Delta Smelt",60,"DOP",NA,1
"usfws","edsm",2018-09-17,NA,"E307","19-08-LSR02",2018-09-17,"KDTR",38.06926,38.06925,-121.83233,-121.83245,0.439999997615814,19.5,1493,19.7999992370605,7.83,"Delta Smelt",60,"DOP",NA,1
"usfws","edsm",2018-09-17,NA,"E308",NA,NA,NA,NA,NA,NA,NA,NA,NA,NA,NA,NA,NA,NA,NA,NA,NA
"usfws","edsm",2018-09-17,NA,"E309",NA,NA,NA,NA,NA,NA,NA,NA,NA,NA,NA,NA,NA,NA,NA,NA,NA
"usfws","edsm",2018-09-17,NA,"E310",NA,NA,NA,NA,NA,NA,NA,NA,NA,NA,NA,NA,NA,NA,NA,NA,NA
"usfws","edsm",2018-09-17,NA,"E311",NA,NA,NA,NA,NA,NA,NA,NA,NA,NA,NA,NA,NA,NA,NA,NA,NA
"usfws","edsm",2018-09-17,NA,"E312",NA,NA,NA,NA,NA,NA,NA,NA,NA,NA,NA,NA,NA,NA,NA,NA,NA
"usfws","edsm",2018-09-17,NA,"E313",NA,NA,NA,NA,NA,NA,NA,NA,NA,NA,NA,NA,NA,NA,NA,NA,NA
"usfws","edsm",2018-09-17,NA,"E314",NA,NA,NA,NA,NA,NA,NA,NA,NA,NA,NA,NA,NA,NA,NA,NA,NA
"usfws","edsm",2018-09-17,NA,"E315","19-08-LSR02",2018-09-17,"KDTR",38.06896,38.06831,-121.831,-121.83118,0.46000000834465,19.6000003814697,1701,23.2999992370605,7.93,"Delta Smelt",62,"DOP",NA,1
"usfws","edsm",2018-09-17,NA,"E316",NA,NA,NA,NA,NA,NA,NA,NA,NA,NA,NA,NA,NA,NA,NA,NA,NA
"usfws","edsm",2018-09-17,NA,"E317",NA,NA,NA,NA,NA,NA,NA,NA,NA,NA,NA,NA,NA,NA,NA,NA,NA
"usfws","edsm",2018-09-17,NA,"E318",NA,NA,NA,NA,NA,NA,NA,NA,NA,NA,NA,NA,NA,NA,NA,NA,NA
"usfws","edsm",2018-09-17,NA,"E319",NA,NA,NA,NA,NA,NA,NA,NA,NA,NA,NA,NA,NA,NA,NA,NA,NA
"usfws","edsm",2018-09-24,NA,"E320",NA,NA,NA,NA,NA,NA,NA,NA,NA,NA,NA,NA,NA,NA,NA,NA,NA
"usfws","edsm",2018-10-09,NA,"E321","19-11-LSR01",2018-10-09,"KDTR",38.05896,38.05913,-121.80859,-121.81002,0.949999988079071,18.7000007629395,4065,16.1000003814697,7.75,"Delta Smelt",60,"DOP",NA,1
"usfws","edsm",2018-10-09,NA,"E322","19-11-LSR01",2018-10-09,"KDTR",38.05896,38.05913,-121.80859,-121.81002,0.949999988079071,18.7000007629395,4065,16.1000003814697,7.75,"Delta Smelt",56,"DOP",NA,1
"usfws","edsm",2018-10-09,NA,"E323","19-11-LSR01",2018-10-09,"KDTR",38.05896,38.05913,-121.80859,-121.81002,0.949999988079071,18.7000007629395,4065,16.1000003814697,7.75,"Delta Smelt",56,"DOP",NA,1
"usfws","edsm",2018-10-09,NA,"E324","19-11-LSR01",2018-10-09,"KDTR",38.05896,38.05913,-121.80859,-121.81002,0.949999988079071,18.7000007629395,4065,16.1000003814697,7.75,"Delta Smelt",60,"DOP",NA,1
"usfws","edsm",2018-10-29,NA,"E325","19-14-LSR03",2018-10-29,"KDTR",38.06586,38.06587,-121.8169,-121.81784,0.769999980926514,17.2000007629395,6838,11.8999996185303,8.5,"Delta Smelt",62,"DOP",NA,1
"usfws","edsm",2018-10-30,NA,"E326","19-14-LSR02",2018-10-30,"KDTR",38.08758,38.08666,-121.74522,-121.74659,0.469999998807907,17,2606,24.6000003814697,9.77,"Delta Smelt",61,"DOP",NA,1
"usfws","edsm",2018-11-29,NA,"E395","19-18-LSR03",2018-11-29,"KDTR",38.06257,38.06295,-121.8063,-121.8071,0.949999988079071,13.1999998092651,6312,14,9.31,"Delta Smelt",64,"DOP",NA,1
"usfws","edsm",2018-11-29,NA,"E396","19-18-LSR03",2018-11-29,"KDTR",38.06309,38.06387,-121.80712,-121.80872,0.810000002384186,13.1999998092651,6475,17,9.2,"Delta Smelt",61,"DOP",NA,1
"usfws","edsm",2018-10-17,NA,"E397","19-12-LSSC04",2018-10-17,"KDTR",38.38681,38.38503,-121.62414,-121.62487,0.340000003576279,18.5,347.899993896484,42.4000015258789,8.72,"Delta Smelt",52,"DOP",NA,1
"usfws","edsm",2018-10-17,NA,"E398","19-12-LSSC04",2018-10-17,"KDTR",38.38463,38.38248,-121.6249,-121.62617,0.28999999165535,18.1000003814697,337.700012207031,49.2000007629395,8.18,"Delta Smelt",56,"DOP",NA,1
"usfws","edsm",2018-10-17,NA,"E399","19-12-LSSC04",2018-10-17,"KDTR",38.38463,38.38248,-121.6249,-121.62617,0.28999999165535,18.1000003814697,337.700012207031,49.2000007629395,8.18,"Delta Smelt",49,"DOP",NA,1
"usfws","edsm",2018-10-17,NA,"E400","19-12-LSSC04",2018-10-17,"KDTR",38.38463,38.38248,-121.6249,-121.62617,0.28999999165535,18.1000003814697,337.700012207031,49.2000007629395,8.18,"Delta Smelt",50,"DOP",NA,1
"usfws","edsm",2018-10-17,NA,"E401","19-12-LSSC04",2018-10-17,"KDTR",38.38463,38.38248,-121.6249,-121.62617,0.28999999165535,18.1000003814697,337.700012207031,49.2000007629395,8.18,"Delta Smelt",52,"DOP",NA,1
"usfws","edsm",2018-10-17,NA,"E402","19-12-LSSC04",2018-10-17,"KDTR",38.38463,38.38248,-121.6249,-121.62617,0.28999999165535,18.1000003814697,337.700012207031,49.2000007629395,8.18,"Delta Smelt",49,"DOP",NA,1
"usfws","edsm",2018-10-17,NA,"E403","19-12-LSSC04",2018-10-17,"KDTR",38.38463,38.38248,-121.6249,-121.62617,0.28999999165535,18.1000003814697,337.700012207031,49.2000007629395,8.18,"Delta Smelt",49,"DOP",NA,1
"usfws","edsm",2018-10-17,NA,"E404","19-12-LSSC04",2018-10-17,"KDTR",38.38463,38.38248,-121.6249,-121.62617,0.28999999165535,18.1000003814697,337.700012207031,49.2000007629395,8.18,"Delta Smelt",53,"DOP",NA,1
"usfws","edsm",2018-10-17,NA,"E405","19-12-LSSC04",2018-10-17,"KDTR",38.38463,38.38248,-121.6249,-121.62617,0.28999999165535,18.1000003814697,337.700012207031,49.2000007629395,8.18,"Delta Smelt",56,"DOP",NA,1
"usfws","edsm",2018-10-17,NA,"E406","19-12-LSSC04",2018-10-17,"KDTR",38.38463,38.38248,-121.6249,-121.62617,0.28999999165535,18.1000003814697,337.700012207031,49.2000007629395,8.18,"Delta Smelt",52,"DOP",NA,1
"usfws","edsm",2018-10-31,NA,"E407","19-14-LSSC03",2018-10-31,"KDTR",38.47029,38.46866,-121.58522,-121.58606,0.400000005960464,17.1000003814697,678,32.4000015258789,7.82,"Delta Smelt",56,"DOP",NA,1
"usfws","edsm",2018-10-31,NA,"E408","19-14-USSC01",2018-10-31,"KDTR",38.48587,38.48316,-121.58484,-121.5847,0.509999990463257,17.3999996185303,739,20.7000007629395,8.26,"Delta Smelt",54,"DOP",NA,1
"usfws","edsm",2018-11-01,NA,"E409","19-14-LSSC06",2018-11-01,"KDTR",38.41402,38.41684,-121.61146,-121.61032,0.340000003576279,16.8999996185303,580,20.7000007629395,8.27,"Delta Smelt",57,"DOP",NA,1
"usfws","edsm",2018-11-01,NA,"E410","19-14-LSSC06",2018-11-01,"KDTR",38.41402,38.41684,-121.61146,-121.61032,0.340000003576279,16.8999996185303,580,20.7000007629395,8.27,"Delta Smelt",48,"DOP",NA,1
"usfws","edsm",2018-11-01,NA,"E411","19-14-LSSC06",2018-11-01,"KDTR",38.41402,38.41684,-121.61146,-121.61032,0.340000003576279,16.8999996185303,580,20.7000007629395,8.27,"Delta Smelt",56,"DOP",NA,1
"usfws","edsm",2018-11-01,NA,"E412","19-14-LSSC06",2018-11-01,"KDTR",38.41402,38.41684,-121.61146,-121.61032,0.340000003576279,16.8999996185303,580,20.7000007629395,8.27,"Delta Smelt",52,"DOP",NA,1
"usfws","edsm",2018-11-07,NA,"E413","19-15-LSSC01",2018-11-07,"KDTR",38.44,38.44102,-121.59948,-121.59886,0.360000014305115,16.3999996185303,494,26.7000007629395,8.26,"Delta Smelt",53,"DOP",NA,1
"usfws","edsm",2018-11-07,NA,"E414","19-15-LSSC01",2018-11-07,"KDTR",38.44097,38.44234,-121.59861,-121.59813,0.370000004768372,16.5,519,31.3999996185303,8.48,"Delta Smelt",50,"DOP",NA,1
"usfws","edsm",2018-11-21,NA,"E416","19-17-LSSC02",2018-11-21,"KDTR",38.44977,38.44804,-121.59469,-121.59582,0.349999994039536,12.6000003814697,488,40.2000007629395,8.7,"Delta Smelt",55,"DOP",NA,1
"usfws","edsm",2018-08-14,NA,"E297",NA,NA,NA,NA,NA,NA,NA,NA,NA,NA,NA,NA,NA,NA,NA,NA,NA
"usfws","edsm",2018-08-13,NA,"E298",NA,NA,NA,NA,NA,NA,NA,NA,NA,NA,NA,NA,NA,NA,NA,NA,NA
"usfws","edsm",2018-07-02,NA,"E299","18-49-CF01",2018-07-02,"KDTR",38.04543,38.04526,-121.90461,-121.90685,0.469999998807907,21.2999992370605,5601,44.9000015258789,7.06,"Delta Smelt",37,"DOP",NA,1
"usfws","edsm",2018-07-02,NA,"E300","18-49-CF02",2018-07-02,"KDTR",38.06759,38.06707,-121.84529,-121.84564,0.579999983310699,21.1000003814697,4735,36.0999984741211,7.17,"Delta Smelt",40,"DOP",NA,1
"usfws","edsm",2018-08-13,NA,"E301",NA,NA,NA,NA,NA,NA,NA,NA,NA,NA,NA,NA,NA,NA,NA,NA,NA
"usfws","edsm",2018-08-22,NA,"E302",NA,NA,NA,NA,NA,NA,NA,NA,NA,NA,NA,NA,NA,NA,NA,NA,NA
"usfws","edsm",2018-08-22,NA,"E303",NA,NA,NA,NA,NA,NA,NA,NA,NA,NA,NA,NA,NA,NA,NA,NA,NA
"usfws","edsm",2018-08-22,NA,"E304",NA,NA,NA,NA,NA,NA,NA,NA,NA,NA,NA,NA,NA,NA,NA,NA,NA
"usfws","edsm",2018-08-22,NA,"E305",NA,NA,NA,NA,NA,NA,NA,NA,NA,NA,NA,NA,NA,NA,NA,NA,NA
"usfws","edsm",2018-08-22,NA,"E306",NA,NA,NA,NA,NA,NA,NA,NA,NA,NA,NA,NA,NA,NA,NA,NA,NA
"usfws","edsm",2018-07-09,NA,"E150",NA,NA,NA,NA,NA,NA,NA,NA,NA,NA,NA,NA,NA,NA,NA,NA,NA
"usfws","edsm",2018-07-17,NA,"E184",NA,NA,NA,NA,NA,NA,NA,NA,NA,NA,NA,NA,NA,NA,NA,NA,NA
"usfws","edsm",2018-07-17,NA,"E185",NA,NA,NA,NA,NA,NA,NA,NA,NA,NA,NA,NA,NA,NA,NA,NA,NA
"usfws","edsm",2018-08-20,NA,"E186",NA,NA,NA,NA,NA,NA,NA,NA,NA,NA,NA,NA,NA,NA,NA,NA,NA
"usfws","edsm",2018-08-20,NA,"E187",NA,NA,NA,NA,NA,NA,NA,NA,NA,NA,NA,NA,NA,NA,NA,NA,NA
"usfws","edsm",2018-08-21,NA,"E188",NA,NA,NA,NA,NA,NA,NA,NA,NA,NA,NA,NA,NA,NA,NA,NA,NA
"usfws","edsm",2018-09-06,NA,"E189",NA,NA,NA,NA,NA,NA,NA,NA,NA,NA,NA,NA,NA,NA,NA,NA,NA
"usfws","edsm",2018-09-07,NA,"E190",NA,NA,NA,NA,NA,NA,NA,NA,NA,NA,NA,NA,NA,NA,NA,NA,NA
"usfws","edsm",2018-07-05,NA,"E64",NA,NA,NA,NA,NA,NA,NA,NA,NA,NA,NA,NA,NA,NA,NA,NA,NA
"usfws","edsm",2018-07-05,NA,"E65",NA,NA,NA,NA,NA,NA,NA,NA,NA,NA,NA,NA,NA,NA,NA,NA,NA
"usfws","edsm",2018-07-05,NA,"E66",NA,NA,NA,NA,NA,NA,NA,NA,NA,NA,NA,NA,NA,NA,NA,NA,NA
"usfws","edsm",2018-07-05,NA,"E67",NA,NA,NA,NA,NA,NA,NA,NA,NA,NA,NA,NA,NA,NA,NA,NA,NA
"usfws","edsm",2018-07-09,NA,"E68",NA,NA,NA,NA,NA,NA,NA,NA,NA,NA,NA,NA,NA,NA,NA,NA,NA
"usfws","edsm",2018-07-18,NA,"E69",NA,NA,NA,NA,NA,NA,NA,NA,NA,NA,NA,NA,NA,NA,NA,NA,NA
"usfws","edsm",2018-07-19,NA,"E70",NA,NA,NA,NA,NA,NA,NA,NA,NA,NA,NA,NA,NA,NA,NA,NA,NA
"usfws","edsm",2018-07-23,NA,"E71",NA,NA,NA,NA,NA,NA,NA,NA,NA,NA,NA,NA,NA,NA,NA,NA,NA
"usfws","edsm",2018-07-23,NA,"E72","18-52-LSSC05",2018-07-23,"KDTR",38.42087,38.41892,-121.60776,-121.6089,0.360000014305115,24.1000003814697,708,33.0999984741211,7.97,"Delta Smelt",44,"DOP/L",NA,1
"usfws","edsm",2018-07-24,NA,"E73","18-52-LSSC03",2018-07-24,"KDTR",38.30199,38.30354,-121.65461,-121.65429,0.490000009536743,23.2999992370605,266,28.2999992370605,7.19,"Delta Smelt",48,"DOP",NA,1
"usfws","edsm",2018-07-24,NA,"E74","18-52-LSSC03",2018-07-24,"KDTR",38.30199,38.30354,-121.65461,-121.65429,0.490000009536743,23.2999992370605,266,28.2999992370605,7.19,"Delta Smelt",45,"DOP",NA,1
"usfws","edsm",2018-07-24,NA,"E75","18-52-LSSC03",2018-07-24,"KDTR",38.30199,38.30354,-121.65461,-121.65429,0.490000009536743,23.2999992370605,266,28.2999992370605,7.19,"Delta Smelt",43,"DOP",NA,1
"usfws","edsm",2018-07-24,NA,"E76","18-52-LSSC03",2018-07-24,"KDTR",38.30296,38.30415,-121.6542,-121.65405,0.449999988079071,23.2999992370605,275.299987792969,29.2000007629395,7.23,"Delta Smelt",47,"DOP",NA,1
"usfws","edsm",2018-08-01,NA,"E77",NA,NA,NA,NA,NA,NA,NA,NA,NA,NA,NA,NA,NA,NA,NA,NA,NA
"usfws","edsm",2018-08-01,NA,"E78",NA,NA,NA,NA,NA,NA,NA,NA,NA,NA,NA,NA,NA,NA,NA,NA,NA
"usfws","edsm",2018-08-01,NA,"E79",NA,NA,NA,NA,NA,NA,NA,NA,NA,NA,NA,NA,NA,NA,NA,NA,NA
"usfws","edsm",2018-08-01,NA,"E80",NA,NA,NA,NA,NA,NA,NA,NA,NA,NA,NA,NA,NA,NA,NA,NA,NA
"usfws","edsm",2018-08-08,NA,"E81",NA,NA,NA,NA,NA,NA,NA,NA,NA,NA,NA,NA,NA,NA,NA,NA,NA
"usfws","edsm",2018-08-08,NA,"E82",NA,NA,NA,NA,NA,NA,NA,NA,NA,NA,NA,NA,NA,NA,NA,NA,NA
"usfws","edsm",2018-08-14,NA,"E83",NA,NA,NA,NA,NA,NA,NA,NA,NA,NA,NA,NA,NA,NA,NA,NA,NA
"usfws","edsm",2018-08-14,NA,"E84",NA,NA,NA,NA,NA,NA,NA,NA,NA,NA,NA,NA,NA,NA,NA,NA,NA
"usfws","edsm",2018-08-14,NA,"E85",NA,NA,NA,NA,NA,NA,NA,NA,NA,NA,NA,NA,NA,NA,NA,NA,NA
"usfws","edsm",2018-08-14,NA,"E86",NA,NA,NA,NA,NA,NA,NA,NA,NA,NA,NA,NA,NA,NA,NA,NA,NA
"usfws","edsm",2018-08-14,NA,"E87",NA,NA,NA,NA,NA,NA,NA,NA,NA,NA,NA,NA,NA,NA,NA,NA,NA
"usfws","edsm",2018-08-20,NA,"E88","19-04-LSSC03",2018-08-20,"KDTR",38.39844,38.39693,-121.6186,-121.61896,0.219999998807907,22.6000003814697,580,49.9000015258789,7.98,"Delta Smelt",45,"DOP",NA,1
"usfws","edsm",2018-08-20,NA,"E89",NA,NA,NA,NA,NA,NA,NA,NA,NA,NA,NA,NA,NA,NA,NA,NA,NA
"usfws","edsm",2018-08-20,NA,"E90",NA,NA,NA,NA,NA,NA,NA,NA,NA,NA,NA,NA,NA,NA,NA,NA,NA
"usfws","edsm",2018-08-27,NA,"E91",NA,NA,NA,NA,NA,NA,NA,NA,NA,NA,NA,NA,NA,NA,NA,NA,NA
"usfws","edsm",2018-08-27,NA,"E92",NA,NA,NA,NA,NA,NA,NA,NA,NA,NA,NA,NA,NA,NA,NA,NA,NA
"usfws","edsm",2018-08-27,NA,"E93",NA,NA,NA,NA,NA,NA,NA,NA,NA,NA,NA,NA,NA,NA,NA,NA,NA
"usfws","edsm",2018-08-27,NA,"E94",NA,NA,NA,NA,NA,NA,NA,NA,NA,NA,NA,NA,NA,NA,NA,NA,NA
"usfws","edsm",2018-08-27,NA,"E95",NA,NA,NA,NA,NA,NA,NA,NA,NA,NA,NA,NA,NA,NA,NA,NA,NA
"usfws","edsm",2018-08-27,NA,"E96",NA,NA,NA,NA,NA,NA,NA,NA,NA,NA,NA,NA,NA,NA,NA,NA,NA
"usfws","edsm",2018-08-27,NA,"E97",NA,NA,NA,NA,NA,NA,NA,NA,NA,NA,NA,NA,NA,NA,NA,NA,NA
"usfws","edsm",2018-09-10,NA,"E98",NA,NA,NA,NA,NA,NA,NA,NA,NA,NA,NA,NA,NA,NA,NA,NA,NA
"usfws","edsm",2018-09-10,NA,"E99",NA,NA,NA,NA,NA,NA,NA,NA,NA,NA,NA,NA,NA,NA,NA,NA,NA
"usfws","edsm",2019-07-03,NA,"E417","19-49-LSSC03",2019-07-03,"KDTR",38.46482,38.46631,-121.5879,-121.587,0.689999997615814,23.1000003814697,835,28,6.97,"Delta Smelt",40,"DOP",NA,1
"usfws","edsm",2019-07-03,NA,"E418","19-49-LSSC03",2019-07-03,"KDTR",38.46526,38.46665,-121.58754,-121.58689,0.670000016689301,23.2000007629395,849,26.3999996185303,7.1,"Delta Smelt",40,"DOP",NA,1
"usfws","edsm",2019-07-03,NA,"E419","19-49-LSSC01",2019-07-03,"KDTR",38.35681,38.35851,-121.6373,-121.63687,0.569999992847443,22.5,566,36.5,7.68,"Delta Smelt",50,"DOP",NA,1
"usfws","edsm",2019-07-03,NA,"E420","19-49-LSSC01",2019-07-03,"KDTR",38.35681,38.35851,-121.6373,-121.63687,0.569999992847443,22.5,566,36.5,7.68,"Delta Smelt",49,"DOP",NA,1
"usfws","edsm",2019-07-03,NA,"E421","19-49-LSSC01",2019-07-03,"KDTR",38.35681,38.35851,-121.6373,-121.63687,0.569999992847443,22.5,566,36.5,7.68,"Delta Smelt",46,"DOP",NA,1
"usfws","edsm",2019-07-03,NA,"E422","19-49-LSSC01",2019-07-03,"KDTR",38.35814,38.35875,-121.6369,-121.6367,0.490000009536743,22.3999996185303,576,37.7000007629395,7.71,"Delta Smelt",49,"DOP",NA,1
"usfws","edsm",2019-07-03,NA,"E423","19-49-LSSC01",2019-07-03,"KDTR",38.35814,38.35875,-121.6369,-121.6367,0.490000009536743,22.3999996185303,576,37.7000007629395,7.71,"Delta Smelt",47,"DOP",NA,1
"usfws","edsm",2019-07-03,NA,"E424","19-49-LSSC01",2019-07-03,"KDTR",38.35814,38.35875,-121.6369,-121.6367,0.490000009536743,22.3999996185303,576,37.7000007629395,7.71,"Delta Smelt",42,"DOP",NA,1
"usfws","edsm",2019-07-03,NA,"E425","19-49-LSSC01",2019-07-03,"KDTR",38.35814,38.35875,-121.6369,-121.6367,0.490000009536743,22.3999996185303,576,37.7000007629395,7.71,"Delta Smelt",45,"DOP",NA,1
"usfws","edsm",2019-07-03,NA,"E426","19-49-LSSC01",2019-07-03,"KDTR",38.35814,38.35875,-121.6369,-121.6367,0.490000009536743,22.3999996185303,576,37.7000007629395,7.71,"Delta Smelt",42,"DOP",NA,1
"usfws","edsm",2019-07-03,NA,"E427","19-49-LSSC01",2019-07-03,"KDTR",38.35814,38.35875,-121.6369,-121.6367,0.490000009536743,22.3999996185303,576,37.7000007629395,7.71,"Delta Smelt",46,"DOP",NA,1
"usfws","edsm",2019-07-03,NA,"E428","19-49-LSSC01",2019-07-03,"KDTR",38.35814,38.35875,-121.6369,-121.6367,0.490000009536743,22.3999996185303,576,37.7000007629395,7.71,"Delta Smelt",49,"DOP",NA,1
"usfws","edsm",2019-07-03,NA,"E429","19-49-LSSC01",2019-07-03,"KDTR",38.35814,38.35875,-121.6369,-121.6367,0.490000009536743,22.3999996185303,576,37.7000007629395,7.71,"Delta Smelt",49,"DOP",NA,1
"usfws","edsm",2019-07-03,NA,"E430","19-49-LSSC01",2019-07-03,"KDTR",38.35814,38.35875,-121.6369,-121.6367,0.490000009536743,22.3999996185303,576,37.7000007629395,7.71,"Delta Smelt",53,"DOP",NA,1
"usfws","edsm",2019-07-03,NA,"E431","19-49-LSSC01",2019-07-03,"KDTR",38.35814,38.35875,-121.6369,-121.6367,0.490000009536743,22.3999996185303,576,37.7000007629395,7.71,"Delta Smelt",42,"DOP",NA,1
"usfws","edsm",2019-07-03,NA,"E432","19-49-LSSC01",2019-07-03,"KDTR",38.35814,38.35875,-121.6369,-121.6367,0.490000009536743,22.3999996185303,576,37.7000007629395,7.71,"Delta Smelt",43,"DOP",NA,1
"usfws","edsm",2019-07-03,NA,"E433","19-49-LSSC01",2019-07-03,"KDTR",38.35814,38.35875,-121.6369,-121.6367,0.490000009536743,22.3999996185303,576,37.7000007629395,7.71,"Delta Smelt",43,"DOP",NA,1
"usfws","edsm",2019-07-03,NA,"E434","19-49-LSSC01",2019-07-03,"KDTR",38.35814,38.35875,-121.6369,-121.6367,0.490000009536743,22.3999996185303,576,37.7000007629395,7.71,"Delta Smelt",47,"DOP",NA,1
"usfws","edsm",2019-07-03,NA,"E435","19-49-LSSC01",2019-07-03,"KDTR",38.35814,38.35875,-121.6369,-121.6367,0.490000009536743,22.3999996185303,576,37.7000007629395,7.71,"Delta Smelt",46,"DOP",NA,1
"usfws","edsm",2019-07-03,NA,"E436","19-49-LSSC01",2019-07-03,"KDTR",38.35814,38.35875,-121.6369,-121.6367,0.490000009536743,22.3999996185303,576,37.7000007629395,7.71,"Delta Smelt",46,"DOP",NA,1
"usfws","edsm",2019-07-03,NA,"E437","19-49-LSSC01",2019-07-03,"KDTR",38.35814,38.35875,-121.6369,-121.6367,0.490000009536743,22.3999996185303,576,37.7000007629395,7.71,"Delta Smelt",48,"DOP",NA,1
"usfws","edsm",2019-07-03,NA,"E438","19-49-LSSC01",2019-07-03,"KDTR",38.35814,38.35875,-121.6369,-121.6367,0.490000009536743,22.3999996185303,576,37.7000007629395,7.71,"Delta Smelt",35,"DOP",NA,1
"usfws","edsm",2019-07-03,NA,"E439","19-49-LSSC01",2019-07-03,"KDTR",38.35814,38.35875,-121.6369,-121.6367,0.490000009536743,22.3999996185303,576,37.7000007629395,7.71,"Delta Smelt",47,"DOP",NA,1
"usfws","edsm",2019-07-03,NA,"E440","19-49-LSSC01",2019-07-03,"KDTR",38.35814,38.35875,-121.6369,-121.6367,0.490000009536743,22.3999996185303,576,37.7000007629395,7.71,"Delta Smelt",40,"DOP",NA,1
"usfws","edsm",2019-07-03,NA,"E441","19-49-LSSC01",2019-07-03,"KDTR",38.35814,38.35875,-121.6369,-121.6367,0.490000009536743,22.3999996185303,576,37.7000007629395,7.71,"Delta Smelt",44,"DOP",NA,1
"usfws","edsm",2019-07-03,NA,"E442","19-49-LSSC01",2019-07-03,"KDTR",38.35814,38.35875,-121.6369,-121.6367,0.490000009536743,22.3999996185303,576,37.7000007629395,7.71,"Delta Smelt",44,"DOP",NA,1
"usfws","edsm",2019-07-03,NA,"E443","19-49-LSSC01",2019-07-03,"KDTR",38.35814,38.35875,-121.6369,-121.6367,0.490000009536743,22.3999996185303,576,37.7000007629395,7.71,"Delta Smelt",50,"DOP",NA,1
"usfws","edsm",2019-07-03,NA,"E444","19-49-LSSC01",2019-07-03,"KDTR",38.35814,38.35875,-121.6369,-121.6367,0.490000009536743,22.3999996185303,576,37.7000007629395,7.71,"Delta Smelt",43,"DOP",NA,1
"usfws","edsm",2019-07-03,NA,"E445","19-49-LSSC01",2019-07-03,"KDTR",38.35814,38.35875,-121.6369,-121.6367,0.490000009536743,22.3999996185303,576,37.7000007629395,7.71,"Delta Smelt",40,"DOP",NA,1
"usfws","edsm",2019-07-03,NA,"E446","19-49-LSSC01",2019-07-03,"KDTR",38.35814,38.35875,-121.6369,-121.6367,0.490000009536743,22.3999996185303,576,37.7000007629395,7.71,"Delta Smelt",41,"DOP",NA,1
"usfws","edsm",2019-07-03,NA,"E447","19-49-LSSC01",2019-07-03,"KDTR",38.35814,38.35875,-121.6369,-121.6367,0.490000009536743,22.3999996185303,576,37.7000007629395,7.71,"Delta Smelt",43,"DOP",NA,1
"usfws","edsm",2019-07-03,NA,"E448","19-49-LSSC02",2019-07-03,"KDTR",38.32989,38.33097,-121.64864,-121.64834,0.560000002384186,22.7000007629395,464.5,38.2000007629395,7.72,"Delta Smelt",54,"DOP",NA,1
"usfws","edsm",2019-07-03,NA,"E449","19-49-LSSC02",2019-07-03,"KDTR",38.32989,38.33097,-121.64864,-121.64834,0.560000002384186,22.7000007629395,464.5,38.2000007629395,7.72,"Delta Smelt",46,"DOP",NA,1
"usfws","edsm",2019-07-03,NA,"E450","19-49-LSSC02",2019-07-03,"KDTR",38.32989,38.33097,-121.64864,-121.64834,0.560000002384186,22.7000007629395,464.5,38.2000007629395,7.72,"Delta Smelt",44,"DOP",NA,1
"usfws","edsm",2019-07-03,NA,"E451","19-49-LSSC02",2019-07-03,"KDTR",38.32989,38.33097,-121.64864,-121.64834,0.560000002384186,22.7000007629395,464.5,38.2000007629395,7.72,"Delta Smelt",48,"DOP",NA,1
"usfws","edsm",2019-07-03,NA,"E452","19-49-LSSC02",2019-07-03,"KDTR",38.32989,38.33097,-121.64864,-121.64834,0.560000002384186,22.7000007629395,464.5,38.2000007629395,7.72,"Delta Smelt",48,"DOP",NA,1
"usfws","edsm",2019-07-03,NA,"E453","19-49-LSSC02",2019-07-03,"KDTR",38.33111,38.3326,-121.64835,-121.64812,0.519999980926514,22.6000003814697,507.399993896484,40.2000007629395,7.67,"Delta Smelt",50,"DOP",NA,1
"usfws","edsm",2019-07-03,NA,"E454","19-49-LSSC02",2019-07-03,"KDTR",38.33111,38.3326,-121.64835,-121.64812,0.519999980926514,22.6000003814697,507.399993896484,40.2000007629395,7.67,"Delta Smelt",42,"DOP",NA,1
"usfws","edsm",2019-07-03,NA,"E455","19-49-LSSC02",2019-07-03,"KDTR",38.33111,38.3326,-121.64835,-121.64812,0.519999980926514,22.6000003814697,507.399993896484,40.2000007629395,7.67,"Delta Smelt",45,"DOP",NA,1
"usfws","edsm",2019-07-03,NA,"E456","19-49-LSSC02",2019-07-03,"KDTR",38.33111,38.3326,-121.64835,-121.64812,0.519999980926514,22.6000003814697,507.399993896484,40.2000007629395,7.67,"Delta Smelt",45,"DOP",NA,1
"usfws","edsm",2019-07-03,NA,"E457","19-49-LSSC02",2019-07-03,"KDTR",38.33111,38.3326,-121.64835,-121.64812,0.519999980926514,22.6000003814697,507.399993896484,40.2000007629395,7.67,"Delta Smelt",49,"DOP",NA,1
"usfws","edsm",2019-07-03,NA,"E458","19-49-LSSC02",2019-07-03,"KDTR",38.33111,38.3326,-121.64835,-121.64812,0.519999980926514,22.6000003814697,507.399993896484,40.2000007629395,7.67,"Delta Smelt",46,"DOP",NA,1
"usfws","edsm",2019-07-03,NA,"E459","19-49-LSSC02",2019-07-03,"KDTR",38.33111,38.3326,-121.64835,-121.64812,0.519999980926514,22.6000003814697,507.399993896484,40.2000007629395,7.67,"Delta Smelt",54,"DOP",NA,1
"usfws","edsm",2019-07-03,NA,"E327","19-49-SM01",2019-07-03,"KDTR",38.12564,38.1263,-121.89763,-121.89591,0.300000011920929,21.7999992370605,928,49.7999992370605,7.24,"Delta Smelt",40,"DOP",NA,1
"usfws","edsm",2019-07-03,NA,"E328","19-49-SM01",2019-07-03,"KDTR",38.12564,38.1263,-121.89763,-121.89591,0.300000011920929,21.7999992370605,928,49.7999992370605,7.24,"Delta Smelt",37,"DOP",NA,1
"usfws","edsm",2019-07-10,NA,"E460","19-50-CS05",2019-07-10,"KDTR",38.2478,38.24695,-121.67534,-121.67668,1.07000005245209,21.2000007629395,143.199996948242,13,7.93,"Delta Smelt",37,"DOP",NA,1
"usfws","edsm",2019-07-09,NA,"E554","19-50-LSSC05",2019-07-09,"KDTR",38.36772,38.36689,-121.63281,-121.63259,0.360000014305115,22.2000007629395,504,39,7.56,"Delta Smelt",48,"DOP",NA,1
"usfws","edsm",2019-07-08,NA,"E555","19-50-LSSC03",2019-07-08,"KDTR",38.31553,38.31203,-121.65139,-121.65228,0.810000002384186,22.1000003814697,238.800003051758,23.6000003814697,7.63,"Delta Smelt",45,"DOP",NA,1
"usfws","edsm",2019-07-08,NA,"E556","19-50-LSSC03",2019-07-08,"KDTR",38.31553,38.31203,-121.65139,-121.65228,0.810000002384186,22.1000003814697,238.800003051758,23.6000003814697,7.63,"Delta Smelt",41,"DOP",NA,1
"usfws","edsm",2019-07-08,NA,"E557","19-50-LSSC03",2019-07-08,"KDTR",38.31553,38.31203,-121.65139,-121.65228,0.810000002384186,22.1000003814697,238.800003051758,23.6000003814697,7.63,"Delta Smelt",53,"DOP",NA,1
"usfws","edsm",2019-07-08,NA,"E558","19-50-LSSC03",2019-07-08,"KDTR",38.31553,38.31203,-121.65139,-121.65228,0.810000002384186,22.1000003814697,238.800003051758,23.6000003814697,7.63,"Delta Smelt",50,"DOP",NA,1
"usfws","edsm",2019-07-08,NA,"E559","19-50-LSSC02",2019-07-08,"KDTR",38.37482,38.37369,-121.62952,-121.6301,0.529999971389771,22.2999992370605,522,50.4000015258789,7.67,"Delta Smelt",37,"DOP",NA,1
"usfws","edsm",2019-07-08,NA,"E560","19-50-LSSC02",2019-07-08,"KDTR",38.37482,38.37369,-121.62952,-121.6301,0.529999971389771,22.2999992370605,522,50.4000015258789,7.67,"Delta Smelt",43,"DOP",NA,1
"usfws","edsm",2019-07-08,NA,"E561","19-50-LSSC02",2019-07-08,"KDTR",38.37482,38.37369,-121.62952,-121.6301,0.529999971389771,22.2999992370605,522,50.4000015258789,7.67,"Delta Smelt",51,"DOP",NA,1
"usfws","edsm",2019-07-08,NA,"E562","19-50-LSSC02",2019-07-08,"KDTR",38.37482,38.37369,-121.62952,-121.6301,0.529999971389771,22.2999992370605,522,50.4000015258789,7.67,"Delta Smelt",39,"DOP",NA,1
"usfws","edsm",2019-07-08,NA,"E563","19-50-LSSC02",2019-07-08,"KDTR",38.37482,38.37369,-121.62952,-121.6301,0.529999971389771,22.2999992370605,522,50.4000015258789,7.67,"Delta Smelt",46,"DOP",NA,1
"usfws","edsm",2019-07-08,NA,"E564","19-50-LSSC02",2019-07-08,"KDTR",38.37482,38.37369,-121.62952,-121.6301,0.529999971389771,22.2999992370605,522,50.4000015258789,7.67,"Delta Smelt",47,"DOP",NA,1
"usfws","edsm",2019-07-05,NA,"E194","19-49-SBM02",2019-07-05,"KDTR",38.07292,38.07321,-121.97254,-121.97386,0.28999999165535,20.7000007629395,4930,47.0999984741211,7.81,"Delta Smelt",38,"DOP",NA,1
"usfws","edsm",2019-07-09,NA,"E329","19-50-SM03",2019-07-09,"KDTR",38.16149,38.16163,-122.04685,-122.04632,0.180000007152557,22.6000003814697,3883,75.5,7.21,"Delta Smelt",36,"DOP",NA,1
"usfws","edsm",2019-07-10,NA,"E330","19-50-SBM01",2019-07-10,"KDTR",38.09675,38.09485,-122.02365,-122.02064,0.200000002980232,20.7999992370605,6663,56.2999992370605,8.19,"Delta Smelt",54,"DOP",NA,1
"usfws","edsm",2019-07-15,NA,"E195","19-51-HB01",2019-07-15,"KDTR",38.04998,38.05041,-121.95425,-121.95117,NA,NA,NA,NA,NA,"Delta Smelt",56,"DOP",NA,1
"usfws","edsm",2019-07-15,NA,"E196","19-51-SBM01",2019-07-15,"KDTR",38.09323,38.09258,-122.0551,-122.05503,0.389999985694885,22,5875,49.2000007629395,8.83,"Delta Smelt",37,"DOP",NA,1
"usfws","edsm",2019-07-17,NA,"E197","19-51-LSR02",2019-07-17,"KDTR",38.06283,38.06293,-121.80785,-121.80824,0.330000013113022,22.2999992370605,180.600006103516,79,7.54,"Delta Smelt",52,"DOP",NA,1
"usfws","edsm",2019-07-17,NA,"E198","19-51-LSR02",2019-07-17,"KDTR",38.06283,38.06293,-121.80785,-121.80824,0.330000013113022,22.2999992370605,180.600006103516,79,7.54,"Delta Smelt",37,"DOP",NA,1
"usfws","edsm",2019-07-17,NA,"E199","19-51-LSR03",2019-07-17,"KDTR",38.07486,38.07483,-121.77134,-121.77145,0.740000009536743,22.8999996185303,125.099998474121,46.4000015258789,7.24,"Delta Smelt",54,"DOP",NA,1
"usfws","edsm",2019-07-16,NA,"E331","19-51-SBW02",2019-07-16,"KDTR",38.05958,38.05899,-122.11303,-122.11337,0.200000002980232,21.2000007629395,10833,188,7.68,"Delta Smelt",45,"DOP",NA,1
"usfws","edsm",2019-07-15,NA,"E553","19-51-LSSC02",2019-07-15,"KDTR",38.47197,38.47375,-121.58434,-121.58407,0.509999990463257,24.1000003814697,845,16.1000003814697,8.49,"Delta Smelt",42,"DOP",NA,1
"usfws","edsm",2019-07-24,NA,"E200","19-52-LSR01",2019-07-24,"KDTR",38.07001,38.07033,-121.83855,-121.83912,0.439999997615814,22.3999996185303,857,66,8.78,"Delta Smelt",42,"DOP",NA,1
"usfws","edsm",2019-07-24,NA,"E461",NA,NA,NA,NA,NA,NA,NA,NA,NA,NA,NA,NA,NA,NA,NA,NA,NA
"usfws","edsm",2019-07-24,NA,"E462",NA,NA,NA,NA,NA,NA,NA,NA,NA,NA,NA,NA,NA,NA,NA,NA,NA
"usfws","edsm",2019-07-24,NA,"E463",NA,NA,NA,NA,NA,NA,NA,NA,NA,NA,NA,NA,NA,NA,NA,NA,NA
"usfws","edsm",2019-07-24,NA,"E549",NA,NA,NA,NA,NA,NA,NA,NA,NA,NA,NA,NA,NA,NA,NA,NA,NA
"usfws","edsm",2019-07-24,NA,"E550",NA,NA,NA,NA,NA,NA,NA,NA,NA,NA,NA,NA,NA,NA,NA,NA,NA
"usfws","edsm",2019-07-24,NA,"E551",NA,NA,NA,NA,NA,NA,NA,NA,NA,NA,NA,NA,NA,NA,NA,NA,NA
"usfws","edsm",2019-07-24,NA,"E552",NA,NA,NA,NA,NA,NA,NA,NA,NA,NA,NA,NA,NA,NA,NA,NA,NA
"usfws","edsm",2019-07-25,NA,"E464",NA,NA,NA,NA,NA,NA,NA,NA,NA,NA,NA,NA,NA,NA,NA,NA,NA
"usfws","edsm",2019-07-25,NA,"E465",NA,NA,NA,NA,NA,NA,NA,NA,NA,NA,NA,NA,NA,NA,NA,NA,NA
"usfws","edsm",2019-07-25,NA,"E466",NA,NA,NA,NA,NA,NA,NA,NA,NA,NA,NA,NA,NA,NA,NA,NA,NA
"usfws","edsm",2019-07-25,NA,"E467",NA,NA,NA,NA,NA,NA,NA,NA,NA,NA,NA,NA,NA,NA,NA,NA,NA
"usfws","edsm",2019-07-30,NA,"E332","19-53-SBW01",2019-07-30,"KDTR",38.06193,38.05961,-122.11388,-122.11474,0.170000001788139,21.1000003814697,15295,252,7.45,"Delta Smelt",46,"DOP",NA,1
"usfws","edsm",2019-07-30,NA,"E333","19-53-SBM03",2019-07-30,"KDTR",38.09138,38.09177,-122.0084,-122.01044,0.540000021457672,21.7000007629395,10608,46.2999992370605,8.13,"Delta Smelt",54,"DOP",NA,1
"usfws","edsm",2019-07-30,NA,"E334","19-53-SBM03",2019-07-30,"KDTR",38.09138,38.09177,-122.0084,-122.01044,0.540000021457672,21.7000007629395,10608,46.2999992370605,8.13,"Delta Smelt",46,"DOP",NA,1
"usfws","edsm",2019-07-31,NA,"E335","19-53-GB01",2019-07-31,"KDTR",38.10887,38.10883,-122.05837,-122.05713,0.349999994039536,21.7999992370605,12401,37.7999992370605,8.42,"Delta Smelt",46,"DOP",NA,1
"usfws","edsm",2019-07-29,NA,"E565","19-53-LSSC02",2019-07-29,"KDTR",38.41468,38.41665,-121.61077,-121.61022,0.449999988079071,24.3999996185303,694,25.2000007629395,7.76,"Delta Smelt",46,"DOP",NA,1
"usfws","edsm",2019-07-29,NA,"E566","19-53-LSSC02",2019-07-29,"KDTR",38.41468,38.41665,-121.61077,-121.61022,0.449999988079071,24.3999996185303,694,25.2000007629395,7.76,"Delta Smelt",47,"DOP",NA,1
"usfws","edsm",2019-07-29,NA,"E567","19-53-LSSC02",2019-07-29,"KDTR",38.41468,38.41665,-121.61077,-121.61022,0.449999988079071,24.3999996185303,694,25.2000007629395,7.76,"Delta Smelt",43,"DOP",NA,1
"usfws","edsm",2019-07-29,NA,"E568","19-53-LSSC02",2019-07-29,"KDTR",38.41681,38.41864,-121.60992,-121.6094,0.479999989271164,24.3999996185303,706,23.7999992370605,7.65,"Delta Smelt",39,"DOP",NA,1
"usfws","edsm",2019-07-29,NA,"E569","19-53-LSSC02",2019-07-29,"KDTR",38.41681,38.41864,-121.60992,-121.6094,0.479999989271164,24.3999996185303,706,23.7999992370605,7.65,"Delta Smelt",40,"DOP",NA,1
"usfws","edsm",2019-07-29,NA,"E570","19-53-LSSC01",2019-07-29,"KDTR",38.28959,38.29087,-121.65822,-121.65757,NA,NA,NA,NA,NA,"Delta Smelt",49,"DOP",NA,1
"usfws","edsm",2019-07-30,NA,"E571",NA,NA,NA,NA,NA,NA,NA,NA,NA,NA,NA,NA,NA,NA,NA,NA,NA
"usfws","edsm",2019-07-30,NA,"E572",NA,NA,NA,NA,NA,NA,NA,NA,NA,NA,NA,NA,NA,NA,NA,NA,NA
"usfws","edsm",2019-08-08,NA,"E573",NA,NA,NA,NA,NA,NA,NA,NA,NA,NA,NA,NA,NA,NA,NA,NA,NA
"usfws","edsm",2019-08-06,NA,"E336","20-02-SM03",2019-08-06,"KDTR",38.13619,38.1376,-122.05483,-122.0606,0.28999999165535,23.5,11234,73.0999984741211,7.87,"Delta Smelt",57,"DOP",NA,1
"usfws","edsm",2019-08-19,NA,"E574",NA,NA,NA,NA,NA,NA,NA,NA,NA,NA,NA,NA,NA,NA,NA,NA,NA
"usfws","edsm",2019-08-21,NA,"E296",NA,NA,NA,NA,NA,NA,NA,NA,NA,NA,NA,NA,NA,NA,NA,NA,NA
"usfws","edsm",2019-09-13,NA,"E201",NA,NA,NA,NA,NA,NA,NA,NA,NA,NA,NA,NA,NA,NA,NA,NA,NA
"usfws","edsm",2019-09-09,NA,"E474",NA,NA,NA,NA,NA,NA,NA,NA,NA,NA,NA,NA,NA,NA,NA,NA,NA
"usfws","edsm",2019-09-10,NA,"E475",NA,NA,NA,NA,NA,NA,NA,NA,NA,NA,NA,NA,NA,NA,NA,NA,NA
"usfws","edsm",2019-09-17,NA,"E202","20-08-CF01",2019-09-17,"KDTR",38.04768,38.04996,-121.87366,-121.87212,0.560000002384186,21.6000003814697,736,32.5999984741211,7.33,"Delta Smelt",49,"DOP",NA,1
"usfws","edsm",2019-09-17,NA,"E203","20-08-CF01",2019-09-17,"KDTR",38.05215,38.05315,-121.87249,-121.87183,0.469999998807907,21.6000003814697,619,23.6000003814697,7.28,"Delta Smelt",53,"DOP",NA,1
"usfws","edsm",2019-09-24,NA,"E575",NA,NA,NA,NA,NA,NA,NA,NA,NA,NA,NA,NA,NA,NA,NA,NA,NA
"usfws","edsm",2019-10-08,NA,"E576",NA,NA,NA,NA,NA,NA,NA,NA,NA,NA,NA,NA,NA,NA,NA,NA,NA
"usfws","edsm",2019-10-07,NA,"E204",NA,NA,NA,NA,NA,NA,NA,NA,NA,NA,NA,NA,NA,NA,NA,NA,NA
"usfws","edsm",2019-10-15,NA,"E577",NA,NA,NA,NA,NA,NA,NA,NA,NA,NA,NA,NA,NA,NA,NA,NA,NA
"usfws","edsm",2019-10-22,NA,"E339",NA,NA,NA,NA,NA,NA,NA,NA,NA,NA,NA,NA,NA,NA,NA,NA,NA
"usfws","edsm",2019-10-23,NA,"E205",NA,NA,NA,NA,NA,NA,NA,NA,NA,NA,NA,NA,NA,NA,NA,NA,NA
"usfws","edsm",2019-08-16,NA,"E468",NA,NA,NA,NA,NA,NA,NA,NA,NA,NA,NA,NA,NA,NA,NA,NA,NA
"usfws","edsm",2019-08-16,NA,"E469",NA,NA,NA,NA,NA,NA,NA,NA,NA,NA,NA,NA,NA,NA,NA,NA,NA
"usfws","edsm",2019-08-16,NA,"E470",NA,NA,NA,NA,NA,NA,NA,NA,NA,NA,NA,NA,NA,NA,NA,NA,NA
"usfws","edsm",2019-08-16,NA,"E471",NA,NA,NA,NA,NA,NA,NA,NA,NA,NA,NA,NA,NA,NA,NA,NA,NA
"usfws","edsm",2019-08-16,NA,"E472",NA,NA,NA,NA,NA,NA,NA,NA,NA,NA,NA,NA,NA,NA,NA,NA,NA
"usfws","edsm",2019-08-16,NA,"E473",NA,NA,NA,NA,NA,NA,NA,NA,NA,NA,NA,NA,NA,NA,NA,NA,NA
"usfws","edsm",2019-08-13,NA,"E337","20-03-HB01",2019-08-13,"KDTR",38.05745,38.05687,-121.95162,-121.95168,0.419999986886978,22.6000003814697,1523,26.3999996185303,7.74,"Delta Smelt",47,"DOP",NA,1
"usfws","edsm",2019-08-16,NA,"E338","20-03-SM06",2019-08-16,"KDTR",38.13022,38.13032,-122.08261,-122.08244,0.330000013113022,26,8781,32.0999984741211,7.15,"Delta Smelt",50,"DOP",NA,1
"usfws","edsm",2019-10-28,NA,"E206",NA,NA,NA,NA,NA,NA,NA,NA,NA,NA,NA,NA,NA,NA,NA,NA,NA
"usfws","edsm",2019-10-29,NA,"E476",NA,NA,NA,NA,NA,NA,NA,NA,NA,NA,NA,NA,NA,NA,NA,NA,NA
"usfws","edsm",NA,NA,"E340","19-50-LSSC02",2019-07-08,"KDTR",38.37482,38.37369,-121.62952,-121.6301,0.529999971389771,22.2999992370605,522,50.4000015258789,7.67,"Delta Smelt",45,"DOP",NA,1
"usfws","edsm",NA,NA,"E341","19-50-LSSC05",2019-07-09,"KDTR",38.36772,38.36689,-121.63281,-121.63259,0.360000014305115,22.2000007629395,504,39,7.56,"Delta Smelt",48,"DOP",NA,1
"usfws","edsm",NA,NA,"E342","19-53-LSSC05",2019-07-30,"KDTR",38.43616,38.43782,-121.60023,-121.59947,0.270000010728836,24,709,54.9000015258789,8,"Delta Smelt",50,"DOP/L",NA,1
"usfws","edsm",2020-08-06,NA,"E207","21-02-LSR03",2020-08-06,"KDTR",38.06525,38.0645,-121.78612,-121.78687,0.600000023841858,21.8999996185303,2027,22.6000003814697,8.15,"Delta Smelt",55,"DOP",NA,1
"usfws","edsm",2020-07-08,NA,"E220","20-50-LSR01",2020-07-08,"KDTR",38.08653,38.08588,-121.74931,-121.74989,0.439999997615814,22.1000003814697,653,57.4000015258789,7.83,"Delta Smelt",45,"DOP",NA,1
"usfws","edsm",2020-07-08,NA,"E221","20-50-LSR01",2020-07-08,"KDTR",38.0857,38.08513,-121.75044,-121.75072,0.560000002384186,22.2000007629395,528,33.7999992370605,7.81,"Delta Smelt",41,"DOP",NA,1
"usfws","edsm",2020-07-08,NA,"E222","20-50-LSR01",2020-07-08,"KDTR",38.08653,38.08588,-121.74931,-121.74989,0.439999997615814,22.1000003814697,653,57.4000015258789,7.83,"Delta Smelt",33,"DOP/L",NA,1
"usfws","edsm",2020-07-09,NA,"E223","20-50-RV02",2020-07-09,"KDTR",38.10528,38.10506,-121.71934,-121.71937,0.680000007152557,22.2999992370605,689,17.1000003814697,8,"Delta Smelt",53,"DOP",NA,1
"usfws","edsm",2020-07-02,NA,"E224","20-49-LSSC05",2020-07-02,"KDTR",38.33568,38.33723,-121.64635,-121.64605,0.419999986886978,22.5,336.200012207031,28.2000007629395,8.01,"Delta Smelt",45,"DOP",NA,1
"usfws","edsm",2020-07-06,NA,"E225","20-50-LSSC01",2020-07-06,"KDTR",38.28902,38.28985,-121.65773,-121.65592,0.600000023841858,23,205.5,21,8.07,"Delta Smelt",46,"DOP",NA,1
"usfws","edsm",2020-07-06,NA,"E226","20-50-LSSC02",2020-07-06,"KDTR",38.367,38.36844,-121.63262,-121.63204,0.270000010728836,23,452.100006103516,74.5999984741211,8.36,"Delta Smelt",49,"DOP",NA,1
"usfws","edsm",2020-07-07,NA,"E227","20-50-LSSC05",2020-07-07,"KDTR",38.35125,38.35212,-121.63983,-121.63947,0.300000011920929,22.6000003814697,343.5,43.2000007629395,7.69,"Delta Smelt",43,"DOP",NA,1
"usfws","edsm",2020-07-15,NA,"E228","20-51-LSSC02",2020-07-15,"KDTR",38.42671,38.42892,-121.6048,-121.60371,0.579999983310699,23.3999996185303,711,22.6000003814697,7.29,"Delta Smelt",43,"DOP",NA,1
"usfws","edsm",2020-08-05,NA,"E229","21-02-LSSC05",2020-08-05,"KDTR",38.31979,38.32063,-121.65055,-121.65044,0.25,22.5,285.5,58.0999984741211,7.72,"Delta Smelt",45,"DOP",NA,1
"usfws","edsm",2020-08-12,NA,"E230","21-03-LSSC01",2020-08-12,"KDTR",38.39373,38.39355,-121.62063,-121.62088,0.159999996423721,22.3999996185303,464,82.1999969482422,7.63,"Delta Smelt",39,"DOP",NA,1
"usfws","edsm",2020-08-13,NA,"E231","21-03-LSSC05",2020-08-13,"KDTR",38.30643,38.30526,-121.65414,-121.65463,0.28999999165535,22.7999992370605,307.399993896484,38.7000007629395,7.6,"Delta Smelt",56,"DOP",NA,1
"usfws","edsm",2019-07-03,NA,"E232",NA,NA,NA,NA,NA,NA,NA,NA,NA,NA,NA,NA,NA,NA,NA,NA,NA
"usfws","edsm",2019-07-03,NA,"E233","19-49-SM02",2019-07-03,"KDTR",38.18203,38.18255,-121.92315,-121.92461,0.170000001788139,21.1000003814697,1171,97.5,5.82,"Wakasagi",37,"DOP/L",NA,1
"usfws","edsm",2020-07-01,NA,"E477","20-49-CF01",2020-07-01,"KDTR",38.07078,38.06996,-121.84142,-121.84203,0.46000000834465,22.2999992370605,1624,32.0999984741211,9.27,"Delta Smelt",41,"DOP",NA,1
"usfws","edsm",2020-07-01,NA,"E478","20-49-CF01",2020-07-01,"KDTR",38.07081,38.06896,-121.84149,-121.84132,0.490000009536743,21.5,1613,24.7999992370605,9.24,"Delta Smelt",45,"DOP",NA,1
"usfws","edsm",2020-07-21,NA,"E479","20-52-GB01",2020-07-21,"KDTR",38.10681,38.10603,-122.05213,-122.04877,0.100000001490116,19.7000007629395,18804,179,9.66,"Delta Smelt",45,"DOP",NA,1
"usfws","edsm",2020-07-08,NA,"E480","20-50-LSR01",2020-07-08,"KDTR",38.08653,38.08588,-121.74931,-121.74989,0.439999997615814,22.1000003814697,653,57.4000015258789,7.83,"unknown Osmeridae ",40,"DOP",NA,1
"usfws","edsm",2020-07-06,NA,"E481","20-50-LSSC02",2020-07-06,"KDTR",38.36361,38.36542,-121.63449,-121.63347,0.280000001192093,22.8999996185303,458,72,8.11,"Delta Smelt",46,"DOP/L",NA,1
"usfws","edsm",2020-07-06,NA,"E482","20-50-LSSC02",2020-07-06,"KDTR",38.36361,38.36542,-121.63449,-121.63347,0.280000001192093,22.8999996185303,458,72,8.11,"Delta Smelt",43,"DOP/L",NA,1
"usfws","edsm",2020-07-06,NA,"E483","20-50-LSSC02",2020-07-06,"KDTR",38.36361,38.36542,-121.63449,-121.63347,0.280000001192093,22.8999996185303,458,72,8.11,"Delta Smelt",45,"DOP/L",NA,1
"usfws","edsm",2020-08-11,NA,"E484","21-03-GB01",2020-08-11,"KDTR",38.10764,38.10864,-122.04636,-122.04457,0.340000003576279,20.7000007629395,19881,22.2000007629395,8.19,"Delta Smelt",49,"DOP",NA,1
"usfws","edsm",2020-06-02,NA,"E485","20-45-SM07",2020-06-02,"20mm",38.14205,38.1379,-122.06062,-122.06063,0.32,21.9,10690,41.1,11.54,"Delta Smelt",37,"DOP/L","Fish too large for formalin. Returned to office and later flash frozen for DOP.",1
"usfws","edsm",2020-09-23,NA,"E486","21-09-SM03",2020-09-23,"KDTR",38.16903,38.16944,-122.03966,-122.03909,0.529999971389771,20.8999996185303,13036,18.3999996185303,8.2,"Delta Smelt",50,"DOP",NA,1
"usfws","edsm",2021-08-20,NA,"E487","22-03-LSSC02",2021-08-20,"KDTR",38.29296,38.29797,-121.65711,-121.65603,0.490000009536743,22.1000003814697,323.600006103516,25.5,8.29,"Delta Smelt",52,"DOP",NA,1
